Date,Time,Open,High,Low,Close,Volume
2017-01-03,1483401600,47.74,48.22,47.18,47.43,297100
2017-01-04,1483488000,47.65,48.7,47.43,48.66,308700
2017-01-05,1483574400,48.39,48.39,47.13,47.39,178900
2017-01-06,1483660800,47.69,48.3,47.24,47.97,272600
2017-01-09,1483920000,47.96,47.96,47.16,47.29,154800
2017-01-10,1484006400,47.32,48.43,47.14,48.36,318800
2017-01-11,1484092800,48.39,48.7,48.04,48.68,245300
2017-01-12,1484179200,48.56,48.56,47.63,47.85,185900
2017-01-13,1484265600,48.14,49.07,48.14,48.63,166200
2017-01-17,1484611200,48.27,48.27,47.32,47.41,211000
2017-01-18,1484697600,47.74,47.89,47.35,47.82,202800
2017-01-19,1484784000,47.88,47.97,47.35,47.57,141800
2017-01-20,1484870400,47.6,48.41,47.6,48.06,106900
2017-01-23,1485129600,47.83,48.23,47.48,47.74,83800
2017-01-24,1485216000,47.84,48.65,47.75,48.58,190000
2017-01-25,1485302400,49.0,49.11,48.74,49.07,186700
2017-01-26,1485388800,49.16,49.91,48.22,48.78,229500
2017-01-27,1485475200,48.77,48.77,48.16,48.57,277900
2017-01-30,1485734400,48.18,48.18,47.07,47.53,230300
2017-01-31,1485820800,47.41,48.29,47.13,47.47,158400
2017-02-01,1485907200,47.95,48.5,46.93,47.08,152900
2017-02-02,1485993600,46.91,46.92,46.22,46.47,119800
2017-02-03,1486080000,47.09,48.23,46.95,48.22,139600
2017-02-06,1486339200,47.97,48.37,47.15,47.83,78600
2017-02-07,1486425600,47.94,48.23,47.44,47.6,85000
2017-02-08,1486512000,47.48,47.48,46.64,47.2,99400
2017-02-09,1486598400,47.25,48.05,47.12,47.79,108400
2017-02-10,1486684800,47.99,48.09,47.54,47.8,110900
2017-02-13,1486944000,48.18,48.51,48.1,48.48,200700
2017-02-14,1487030400,48.43,49.3,47.9,49.09,154300
2017-02-15,1487116800,49.17,49.36,48.91,49.24,203900
2017-02-16,1487203200,49.23,49.54,48.89,49.52,98300
2017-02-17,1487289600,49.4,49.83,48.83,49.39,120600
2017-02-21,1487635200,49.52,50.14,49.36,49.98,92600
2017-02-22,1487721600,49.77,50.32,49.65,50.07,80400
2017-02-23,1487808000,50.07,50.26,49.57,50.2,135500
2017-02-24,1487894400,49.77,49.97,49.33,49.69,103600
2017-02-27,1488153600,49.69,50.1,49.2,50.04,120500
2017-02-28,1488240000,49.7,49.9,48.93,49.16,169500
2017-03-01,1488326400,50.17,51.58,49.93,51.42,390800
2017-03-02,1488412800,51.37,51.37,49.82,49.88,133000
2017-03-03,1488499200,49.87,50.37,49.28,50.26,222800
2017-03-06,1488758400,50.06,50.45,49.82,50.24,116500
2017-03-07,1488844800,50.19,50.21,49.44,49.49,117200
2017-03-08,1488931200,49.95,50.31,49.42,49.55,141000
2017-03-09,1489017600,49.95,50.18,49.34,49.52,80100
2017-03-10,1489104000,49.91,49.91,48.26,48.83,135900
2017-03-13,1489363200,48.82,49.38,48.8,49.09,85000
2017-03-14,1489449600,48.85,49.32,48.27,49.09,57300
2017-03-15,1489536000,49.24,49.67,48.43,48.59,119100
2017-03-16,1489622400,48.7,49.38,48.58,49.23,88900
2017-03-17,1489708800,49.02,49.6,48.7,49.36,278600
2017-03-20,1489968000,49.08,49.39,48.78,48.89,167600
2017-03-21,1490054400,49.23,49.23,46.25,46.35,163200
2017-03-22,1490140800,46.03,46.41,45.12,45.59,161300
2017-03-23,1490227200,45.52,46.53,45.45,46.09,109500
2017-03-24,1490313600,46.26,46.51,45.58,45.9,136700
2017-03-27,1490572800,45.0,45.59,43.66,45.41,162900
2017-03-28,1490659200,45.15,46.5,44.86,46.21,99200
2017-03-29,1490745600,46.25,46.95,45.99,46.18,89500
2017-03-30,1490832000,46.25,47.78,46.25,47.43,174200
2017-03-31,1490918400,47.63,47.66,47.01,47.07,171000
2017-04-03,1491177600,47.17,47.37,45.9,46.37,109700
2017-04-04,1491264000,46.13,46.47,45.88,46.35,91200
2017-04-05,1491350400,46.7,47.24,45.76,45.82,126400
2017-04-06,1491436800,45.86,46.64,45.61,46.33,121900
2017-04-07,1491523200,45.87,46.5,45.27,46.16,162400
2017-04-10,1491782400,46.3,46.54,45.31,45.81,67700
2017-04-11,1491868800,45.66,46.47,45.19,46.37,86500
2017-04-12,1491955200,46.3,46.31,45.33,45.45,94600
2017-04-13,1492041600,45.26,45.45,44.57,44.63,140900
2017-04-17,1492387200,44.81,45.58,44.37,45.53,47400
2017-04-18,1492473600,45.22,45.67,44.67,45.53,80700
2017-04-19,1492560000,45.74,46.4,45.74,45.95,82200
2017-04-20,1492646400,46.27,46.99,45.89,46.78,131600
2017-04-21,1492732800,46.78,46.95,46.17,46.61,120600
2017-04-24,1492992000,47.53,48.35,47.29,47.97,117900
2017-04-25,1493078400,48.31,50.7,47.74,48.22,147800
2017-04-26,1493164800,48.04,49.68,48.04,48.97,181900
2017-04-27,1493251200,49.27,49.27,48.12,48.14,97500
2017-04-28,1493337600,48.15,48.27,46.89,46.91,105300
2017-05-01,1493596800,47.22,47.41,46.48,47.33,106400
2017-05-02,1493683200,47.46,47.86,46.76,47.18,72900
2017-05-03,1493769600,46.92,47.68,46.45,47.63,65800
2017-05-04,1493856000,47.97,48.59,47.68,48.12,77300
2017-05-05,1493942400,48.36,48.36,47.39,47.94,70300
2017-05-08,1494201600,47.85,48.54,47.68,48.4,87500
2017-05-09,1494288000,48.48,48.92,47.29,47.61,82800
2017-05-10,1494374400,47.46,47.86,46.6,47.68,72300
2017-05-11,1494460800,47.44,47.57,46.61,47.4,141800
2017-05-12,1494547200,47.09,47.15,46.5,47.06,144100
2017-05-15,1494806400,47.15,47.83,46.92,47.17,101000
2017-05-16,1494892800,47.39,47.54,46.66,47.35,80200
2017-05-17,1494979200,46.5,46.59,44.99,45.42,179500
2017-05-18,1495065600,45.24,46.18,45.24,45.74,133500
2017-05-19,1495152000,45.71,46.13,45.14,45.18,225900
2017-05-22,1495411200,45.35,45.93,45.02,45.61,105700
2017-05-23,1495497600,45.62,46.44,45.23,46.21,103800
2017-05-24,1495584000,46.21,46.58,45.6,46.16,100900
2017-05-25,1495670400,46.29,46.82,45.82,46.39,93800
2017-05-26,1495756800,46.32,46.52,46.05,46.2,89600
2017-05-30,1496102400,45.99,45.99,45.02,45.6,86400
2017-05-31,1496188800,45.67,45.82,44.43,45.63,290000
2017-06-01,1496275200,45.47,46.21,44.97,45.93,233300
2017-06-02,1496361600,45.59,46.88,45.36,45.86,152500
2017-06-05,1496620800,45.87,46.42,44.25,45.69,116000
2017-06-06,1496707200,45.3,45.58,44.63,45.04,116400
2017-06-07,1496793600,45.25,45.65,45.04,45.12,147600
2017-06-08,1496880000,45.14,47.79,45.14,46.47,201100
2017-06-09,1496966400,46.87,48.65,46.55,48.04,238300
2017-06-12,1497225600,47.99,49.2,47.65,48.19,246600
2017-06-13,1497312000,48.43,48.47,47.71,48.09,169100
2017-06-14,1497398400,47.77,47.97,46.91,47.92,198200
2017-06-15,1497484800,47.61,48.81,47.61,48.77,136400
2017-06-16,1497571200,48.82,48.82,48.0,48.23,601400
2017-06-19,1497830400,48.31,48.65,47.69,48.0,176800
2017-06-20,1497916800,47.97,48.02,47.33,47.34,123700
2017-06-21,1498003200,47.39,47.47,46.21,46.38,100000
2017-06-22,1498089600,46.3,46.78,45.83,46.3,82600
2017-06-23,1498176000,46.35,46.35,45.45,45.53,453500
2017-06-26,1498435200,45.61,46.15,45.29,45.84,102700
2017-06-27,1498521600,45.98,47.04,45.7,46.38,224800
2017-06-28,1498608000,46.62,47.49,46.38,47.29,138500
2017-06-29,1498694400,48.84,48.92,47.47,48.46,143100
2017-06-30,1498780800,48.48,48.48,47.89,48.02,167400
2017-07-03,1499040000,48.2,49.59,48.2,49.3,78500
2017-07-05,1499212800,49.29,49.29,48.39,48.86,188700
2017-07-06,1499299200,48.76,49.25,48.22,48.67,137300
2017-07-07,1499385600,49.11,49.63,48.55,49.48,137600
2017-07-10,1499644800,49.34,49.71,48.88,49.02,104800
2017-07-11,1499731200,49.01,49.1,48.36,48.91,110200
2017-07-12,1499817600,48.8,49.23,48.43,48.83,115000
2017-07-13,1499904000,48.88,49.14,48.51,48.89,75900
2017-07-14,1499990400,48.26,48.77,47.98,48.41,120100
2017-07-17,1500249600,48.37,48.96,47.79,48.67,98400
2017-07-18,1500336000,48.48,49.04,48.08,48.63,131400
2017-07-19,1500422400,48.69,48.97,48.15,48.63,97800
2017-07-20,1500508800,48.49,49.15,48.28,48.86,115900
2017-07-21,1500595200,48.95,49.19,48.38,48.58,165800
2017-07-24,1500854400,48.59,49.0,48.35,48.76,55800
2017-07-25,1500940800,49.17,50.01,49.07,49.99,141800
2017-07-26,1501027200,50.05,50.17,49.37,49.77,196200
2017-07-27,1501113600,50.39,51.19,48.81,50.66,182500
2017-07-28,1501200000,50.73,51.02,49.74,50.28,142500
2017-07-31,1501459200,50.41,50.41,49.54,50.19,114700
2017-08-01,1501545600,50.56,50.93,50.07,50.87,92500
2017-08-02,1501632000,50.79,51.06,49.73,50.07,149800
2017-08-03,1501718400,50.1,50.21,49.3,49.56,92000
2017-08-04,1501804800,49.56,50.09,49.54,49.83,148100
2017-08-07,1502064000,49.8,49.95,49.39,49.5,98300
2017-08-08,1502150400,49.45,50.15,49.33,49.57,130000
2017-08-09,1502236800,49.25,49.84,48.61,48.66,153400
2017-08-10,1502323200,48.28,48.45,47.61,47.71,126500
2017-08-11,1502409600,48.05,48.28,47.07,47.34,101100
2017-08-14,1502668800,47.82,48.89,47.82,48.89,136800
2017-08-15,1502755200,49.01,49.4,48.56,48.6,81800
2017-08-16,1502841600,48.7,49.11,48.36,48.53,86700
2017-08-17,1502928000,48.3,48.98,47.21,47.25,121300
2017-08-18,1503014400,46.94,47.7,46.69,47.56,142400
2017-08-21,1503273600,47.5,47.78,47.17,47.68,85400
2017-08-22,1503360000,47.86,48.08,47.62,47.94,80300
2017-08-23,1503446400,47.42,48.72,47.42,48.3,82300
2017-08-24,1503532800,48.54,48.54,47.93,48.33,80200
2017-08-25,1503619200,48.54,48.91,48.15,48.88,63500
2017-08-28,1503878400,48.98,48.98,47.88,48.38,86200
2017-08-29,1503964800,47.82,48.15,47.37,47.88,148400
2017-08-30,1504051200,47.75,48.33,47.33,48.12,122500
2017-08-31,1504137600,48.21,48.39,47.78,47.88,127700
2017-09-01,1504224000,48.07,48.41,47.97,48.28,77300
2017-09-05,1504569600,48.0,48.18,47.27,47.31,227100
2017-09-06,1504656000,47.64,48.34,47.56,47.8,244600
2017-09-07,1504742400,47.81,47.81,45.54,46.33,182900
2017-09-08,1504828800,46.3,47.76,46.3,47.02,180000
2017-09-11,1505088000,47.35,48.31,47.35,47.66,221900
2017-09-12,1505174400,47.82,48.96,47.35,48.88,221000
2017-09-13,1505260800,48.62,49.47,48.41,49.29,246200
2017-09-14,1505347200,49.21,49.79,48.97,49.15,169100
2017-09-15,1505433600,48.81,49.67,48.76,49.61,1122600
2017-09-18,1505692800,49.53,50.18,49.47,49.53,159100
2017-09-19,1505779200,49.6,50.16,49.57,49.93,104800
2017-09-20,1505865600,49.93,50.9,49.66,50.59,117900
2017-09-21,1505952000,50.66,50.98,50.66,50.72,117600
2017-09-22,1506038400,50.39,51.12,50.0,50.92,211700
2017-09-25,1506297600,50.65,51.48,50.25,50.99,187800
2017-09-26,1506384000,51.06,51.75,50.88,51.63,104800
2017-09-27,1506470400,51.08,52.66,50.7,52.51,252100
2017-09-28,1506556800,52.54,52.77,51.67,52.49,214800
2017-09-29,1506643200,52.48,53.43,52.12,53.24,207300
2017-10-02,1506902400,53.38,53.61,52.62,53.59,242600
2017-10-03,1506988800,53.65,53.65,52.91,53.53,165200
2017-10-04,1507075200,53.61,53.61,53.11,53.22,214900
2017-10-05,1507161600,53.26,53.83,52.99,53.56,153100
2017-10-06,1507248000,53.77,53.98,52.86,53.95,102200
2017-10-09,1507507200,53.92,53.92,53.06,53.57,105300
2017-10-10,1507593600,53.9,54.29,53.64,53.98,155900
2017-10-11,1507680000,53.98,54.11,53.51,53.77,224500
2017-10-12,1507766400,53.91,53.91,53.28,53.41,159800
2017-10-13,1507852800,53.26,53.57,52.8,53.28,110000
2017-10-16,1508112000,53.4,54.06,53.32,53.48,112400
2017-10-17,1508198400,53.56,53.79,52.91,52.99,108500
2017-10-18,1508284800,53.16,53.58,53.11,53.46,131000
2017-10-19,1508371200,53.13,53.65,53.13,53.39,197600
2017-10-20,1508457600,53.91,54.49,53.75,54.2,94200
2017-10-23,1508716800,54.46,54.46,53.5,53.63,70300
2017-10-24,1508803200,53.89,54.45,53.41,54.26,86100
2017-10-25,1508889600,54.32,54.73,53.55,54.12,137200
2017-10-26,1508976000,51.9,53.05,50.46,50.69,311600
2017-10-27,1509062400,49.42,50.55,49.2,50.49,387400
2017-10-30,1509321600,50.25,50.52,49.28,49.37,551100
2017-10-31,1509408000,49.54,50.28,49.26,50.0,264000
2017-11-01,1509494400,50.47,50.66,49.33,49.73,197200
2017-11-02,1509580800,49.6,50.43,49.44,50.16,125000
2017-11-03,1509667200,50.16,50.63,49.89,50.23,125500
2017-11-06,1509926400,49.95,50.37,49.68,49.9,119800
2017-11-07,1510012800,49.91,49.91,48.52,48.64,129800
2017-11-08,1510099200,48.35,50.51,47.89,48.29,120000
2017-11-09,1510185600,47.99,48.31,47.03,47.54,129000
2017-11-10,1510272000,47.64,47.94,47.34,47.64,126700
2017-11-13,1510531200,47.33,48.46,47.08,48.33,124600
2017-11-14,1510617600,48.17,48.58,47.61,48.26,130700
2017-11-15,1510704000,47.84,48.56,47.72,48.26,145600
2017-11-16,1510790400,48.6,48.6,48.04,48.18,213500
2017-11-17,1510876800,47.79,49.34,47.77,49.32,196500
2017-11-20,1511136000,49.09,49.4,48.97,49.36,128400
2017-11-21,1511222400,49.63,49.82,49.34,49.72,123900
2017-11-22,1511308800,49.89,50.17,49.41,49.58,82900
2017-11-24,1511481600,49.74,49.74,48.72,49.12,53100
2017-11-27,1511740800,49.13,49.84,49.13,49.39,67100
2017-11-28,1511827200,49.68,50.66,49.13,50.41,210200
2017-11-29,1511913600,50.73,51.93,50.41,51.25,347400
2017-11-30,1512000000,51.59,51.59,50.0,50.23,232200
2017-12-01,1512086400,50.17,51.18,48.28,50.14,142900
2017-12-04,1512345600,50.88,51.99,50.88,51.11,160000
2017-12-05,1512432000,51.25,51.26,49.89,49.92,122400
2017-12-06,1512518400,49.68,49.92,49.41,49.54,94100
2017-12-07,1512604800,49.34,50.04,49.2,49.6,96100
2017-12-08,1512691200,49.91,49.91,49.16,49.37,54400
2017-12-11,1512950400,49.39,49.71,48.85,49.09,72600
2017-12-12,1513036800,49.21,49.72,48.99,49.25,52900
2017-12-13,1513123200,49.35,49.47,48.31,48.43,168200
2017-12-14,1513209600,48.72,48.98,47.08,47.24,223400
2017-12-15,1513296000,47.19,49.57,47.19,49.12,743600
2017-12-18,1513555200,49.46,50.51,48.19,49.95,104600
2017-12-19,1513641600,50.16,50.23,47.12,50.0,181700
2017-12-20,1513728000,50.24,50.3,48.86,49.38,76900
2017-12-21,1513814400,49.61,50.05,49.33,49.76,107100
2017-12-22,1513900800,49.99,49.99,49.04,49.25,63200
2017-12-26,1514246400,49.08,49.69,48.61,48.89,60900
2017-12-27,1514332800,48.9,49.16,48.23,48.6,83000
2017-12-28,1514419200,48.82,49.37,48.14,48.87,54500
2017-12-29,1514505600,48.88,48.96,48.02,48.08,93800
2018-01-02,1514851200,48.08,48.5,47.82,48.12,150900
2018-01-03,1514937600,48.17,48.54,47.81,47.96,65700
2018-01-04,1515024000,48.18,48.93,48.16,48.5,124500
2018-01-05,1515110400,48.59,48.99,48.45,48.95,151000
2018-01-08,1515369600,49.0,49.38,48.72,49.03,156500
2018-01-09,1515456000,49.14,49.93,49.08,49.35,78100
2018-01-10,1515542400,49.35,50.21,49.35,49.45,84200
2018-01-11,1515628800,49.77,50.56,49.54,50.53,118100
2018-01-12,1515715200,50.93,51.41,50.57,51.19,151300
2018-01-16,1516060800,51.46,51.78,50.49,50.57,185400
2018-01-17,1516147200,51.04,51.04,49.99,50.85,89700
2018-01-18,1516233600,50.86,51.09,50.06,50.09,88300
2018-01-19,1516320000,49.89,50.52,49.78,50.03,310500
2018-01-22,1516579200,50.11,50.84,49.61,49.99,130400
2018-01-23,1516665600,49.7,50.7,49.57,50.29,159500
2018-01-24,1516752000,50.59,50.82,49.73,49.85,126800
2018-01-25,1516838400,47.8,48.66,47.53,48.6,413900
2018-01-26,1516924800,48.65,48.79,47.93,47.98,150700
2018-01-29,1517184000,47.98,48.46,47.66,47.75,258200
2018-01-30,1517270400,47.23,48.13,47.23,47.79,245800
2018-01-31,1517356800,47.87,48.22,47.53,47.61,189100
2018-02-01,1517443200,47.42,48.37,47.27,48.33,214900
2018-02-02,1517529600,48.15,49.21,48.15,48.47,179800
2018-02-05,1517788800,47.8,48.39,46.88,46.88,269100
2018-02-06,1517875200,46.03,47.07,45.76,46.46,412100
2018-02-07,1517961600,46.31,46.82,46.07,46.66,139400
2018-02-08,1518048000,46.74,47.8,45.85,45.88,195700
2018-02-09,1518134400,46.41,47.03,45.74,46.61,331700
2018-02-12,1518393600,46.74,47.03,46.24,46.48,133300
2018-02-13,1518480000,46.1,46.64,46.1,46.47,125600
2018-02-14,1518566400,46.22,47.53,46.2,47.43,98400
2018-02-15,1518652800,47.97,47.97,47.23,47.4,114000
2018-02-16,1518739200,47.05,48.17,47.05,47.64,254200
2018-02-20,1519084800,47.41,47.75,47.1,47.17,126100
2018-02-21,1519171200,47.23,48.39,47.23,48.19,195400
2018-02-22,1519257600,48.34,49.0,47.84,48.51,407300
2018-02-23,1519344000,48.73,48.98,48.15,48.85,144600
2018-02-26,1519603200,49.07,49.49,47.81,49.44,125900
2018-02-27,1519689600,49.32,50.2,48.79,48.99,201000
2018-02-28,1519776000,49.09,49.54,48.36,48.43,419100
2018-03-01,1519862400,48.45,49.09,48.2,48.36,381300
2018-03-02,1519948800,48.15,49.32,47.95,49.18,250800
2018-03-05,1520208000,48.98,49.79,48.36,49.5,283100
2018-03-06,1520294400,49.8,50.06,48.98,49.74,255400
2018-03-07,1520380800,49.43,50.55,49.43,50.42,174700
2018-03-08,1520467200,50.41,50.51,49.57,49.85,258800
2018-03-09,1520553600,50.1,50.73,49.35,50.53,222600
2018-03-12,1520812800,50.52,50.71,50.11,50.63,245400
2018-03-13,1520899200,50.81,51.01,50.45,50.9,279200
2018-03-14,1520985600,51.04,51.13,50.47,50.75,367900
2018-03-15,1521072000,50.85,51.1,50.39,51.06,179300
2018-03-16,1521158400,50.93,51.51,50.5,50.86,601300
2018-03-19,1521417600,50.89,51.03,49.95,50.68,185200
2018-03-20,1521504000,50.91,50.91,49.35,50.47,194100
2018-03-21,1521590400,50.65,51.06,49.88,50.76,140800
2018-03-22,1521676800,50.27,50.55,49.27,49.34,151700
2018-03-23,1521763200,49.4,49.41,47.46,47.47,297200
2018-03-26,1522022400,48.12,49.0,46.89,48.93,222200
2018-03-27,1522108800,48.96,49.26,48.07,48.15,169500
2018-03-28,1522195200,48.38,49.88,47.9,48.72,412200
2018-03-29,1522281600,48.75,48.93,47.96,48.62,277400
2018-04-02,1522627200,48.46,48.77,47.4,47.84,146500
2018-04-03,1522713600,48.3,48.58,47.67,48.19,449000
2018-04-04,1522800000,47.65,49.19,47.65,49.03,128400
2018-04-05,1522886400,49.22,49.6,48.8,49.54,130300
2018-04-06,1522972800,49.22,49.55,47.57,48.11,189100
2018-04-09,1523232000,48.23,49.06,47.8,47.84,120100
2018-04-10,1523318400,48.6,49.01,48.16,48.82,91500
2018-04-11,1523404800,48.83,49.08,48.51,48.87,104700
2018-04-12,1523491200,49.17,49.7,48.64,49.43,86300
2018-04-13,1523577600,49.72,49.72,48.68,48.79,92100
2018-04-16,1523836800,49.12,49.42,48.66,49.34,174500
2018-04-17,1523923200,49.6,49.6,47.93,48.97,120500
2018-04-18,1524009600,49.27,49.6,48.72,48.8,157900
2018-04-19,1524096000,48.97,49.61,48.94,49.35,183600
2018-04-20,1524182400,49.2,49.78,49.18,49.36,163700
2018-04-23,1524441600,49.63,49.76,49.14,49.21,246500
2018-04-24,1524528000,50.91,52.03,49.52,51.24,439100
2018-04-25,1524614400,51.33,52.25,51.04,51.53,367300
2018-04-26,1524700800,51.48,51.79,51.06,51.51,203700
2018-04-27,1524787200,51.36,51.81,50.99,51.21,156700
2018-04-30,1525046400,51.52,51.64,50.6,50.61,201000
2018-05-01,1525132800,50.62,51.4,50.11,51.28,333100
2018-05-02,1525219200,51.06,51.72,50.7,51.26,115900
2018-05-03,1525305600,51.0,51.08,50.26,50.68,87100
2018-05-04,1525392000,50.58,51.95,50.27,51.51,203900
2018-05-07,1525651200,51.6,52.11,51.17,51.96,157500
2018-05-08,1525737600,52.12,52.35,51.62,51.83,177600
2018-05-09,1525824000,51.82,52.37,51.36,51.94,149000
2018-05-10,1525910400,51.94,52.09,51.36,51.77,90400
2018-05-11,1525996800,51.69,52.12,51.6,51.76,88300
2018-05-14,1526256000,51.92,52.03,51.14,51.19,183100
2018-05-15,1526342400,51.02,51.85,51.02,51.7,178300
2018-05-16,1526428800,51.66,52.16,51.41,51.79,189000
2018-05-17,1526515200,51.7,52.37,51.58,52.09,168100
2018-05-18,1526601600,52.33,52.59,51.21,51.24,257700
2018-05-21,1526860800,51.38,52.36,51.38,52.12,208300
2018-05-22,1526947200,52.25,53.08,52.25,52.68,211400
2018-05-23,1527033600,52.67,52.85,52.44,52.69,104100
2018-05-24,1527120000,52.49,52.77,51.51,52.74,138100
2018-05-25,1527206400,52.59,53.45,52.43,52.99,171100
2018-05-29,1527552000,52.51,53.01,51.93,52.22,155900
2018-05-30,1527638400,52.57,53.13,52.52,52.94,222400
2018-05-31,1527724800,52.93,53.61,52.78,52.86,217900
2018-06-01,1527811200,53.17,53.48,53.04,53.23,150000
2018-06-04,1528070400,53.52,53.77,53.17,53.74,149400
2018-06-05,1528156800,53.7,53.79,53.29,53.61,259500
2018-06-06,1528243200,53.83,54.37,53.83,54.27,243100
2018-06-07,1528329600,54.55,55.54,54.23,55.0,360900
2018-06-08,1528416000,55.0,55.08,54.53,54.64,167500
2018-06-11,1528675200,54.74,54.84,53.83,54.02,109000
2018-06-12,1528761600,54.2,54.22,53.23,53.44,105200
2018-06-13,1528848000,53.43,53.91,52.88,52.89,256300
2018-06-14,1528934400,53.08,53.26,52.4,53.06,248700
2018-06-15,1529020800,53.0,53.43,52.41,53.14,352000
2018-06-18,1529280000,52.99,53.58,52.64,53.54,136700
2018-06-19,1529366400,53.28,54.77,53.28,54.67,219700
2018-06-20,1529452800,54.9,55.25,54.47,54.87,201900
2018-06-21,1529539200,55.04,55.47,54.45,55.09,194100
2018-06-22,1529625600,55.29,55.49,54.51,54.74,271500
2018-06-25,1529884800,54.58,54.81,54.05,54.4,244800
2018-06-26,1529971200,54.54,54.54,53.8,54.27,104300
2018-06-27,1530057600,54.23,54.3,53.22,53.25,107700
2018-06-28,1530144000,53.36,53.79,53.16,53.62,183300
2018-06-29,1530230400,53.96,54.33,53.0,53.02,166100
2018-07-02,1530489600,53.02,53.83,52.97,53.81,279300
2018-07-03,1530576000,53.93,54.27,53.59,53.79,72500
2018-07-05,1530748800,54.04,54.42,53.76,54.41,143600
2018-07-06,1530835200,54.27,55.01,53.83,54.85,178400
2018-07-09,1531094400,55.03,55.8,54.54,55.37,159900
2018-07-10,1531180800,55.56,55.59,54.34,54.7,168000
2018-07-11,1531267200,54.76,55.2,54.53,54.68,114000
2018-07-12,1531353600,54.87,54.88,53.43,54.41,112300
2018-07-13,1531440000,54.03,54.51,53.82,53.95,112700
2018-07-16,1531699200,54.11,54.64,54.05,54.61,73500
2018-07-17,1531785600,54.78,55.0,54.53,54.66,84200
2018-07-18,1531872000,54.54,55.19,54.54,55.13,92200
2018-07-19,1531958400,55.0,55.54,54.79,55.33,133000
2018-07-20,1532044800,55.15,55.75,54.93,55.46,120200
2018-07-23,1532304000,55.26,56.22,55.26,55.88,169300
2018-07-24,1532390400,55.87,55.97,55.06,55.45,100900
2018-07-25,1532476800,55.44,55.44,54.38,55.07,163400
2018-07-26,1532563200,56.39,58.11,55.66,56.7,276800
2018-07-27,1532649600,56.92,57.22,55.59,56.2,121900
2018-07-30,1532908800,56.46,56.95,56.12,56.17,229300
2018-07-31,1532995200,56.0,56.35,55.38,56.3,160600
2018-08-01,1533081600,56.3,57.49,56.18,57.41,239000
2018-08-02,1533168000,56.98,57.96,56.98,57.87,148900
2018-08-03,1533254400,57.65,57.92,56.98,57.08,83600
2018-08-06,1533513600,57.15,57.61,56.97,57.59,126300
2018-08-07,1533600000,57.69,58.48,57.65,58.14,122000
2018-08-08,1533686400,58.33,58.88,57.91,58.14,196600
2018-08-09,1533772800,58.12,58.5,57.99,58.14,113900
2018-08-10,1533859200,57.83,58.65,57.77,58.16,90800
2018-08-13,1534118400,58.04,58.52,57.75,57.77,89400
2018-08-14,1534204800,57.78,59.2,57.78,59.13,121500
2018-08-15,1534291200,58.98,59.42,58.5,58.57,116500
2018-08-16,1534377600,58.84,59.31,58.64,58.89,88400
2018-08-17,1534464000,58.71,59.23,58.63,59.12,103800
2018-08-20,1534723200,59.13,59.45,58.61,59.04,117400
2018-08-21,1534809600,59.24,60.0,59.24,59.83,153400
2018-08-22,1534896000,59.51,59.81,59.26,59.48,153700
2018-08-23,1534982400,59.36,59.68,58.75,59.01,169100
2018-08-24,1535068800,59.02,59.19,58.46,58.49,167700
2018-08-27,1535328000,58.47,58.83,58.02,58.08,301700
2018-08-28,1535414400,58.18,58.29,57.51,57.71,179800
2018-08-29,1535500800,57.67,57.93,57.18,57.74,178800
2018-08-30,1535587200,57.71,57.88,57.23,57.31,368700
2018-08-31,1535673600,57.05,57.55,57.03,57.51,260200
2018-09-04,1536019200,57.36,58.18,57.34,58.07,147100
2018-09-05,1536105600,58.09,58.53,58.07,58.16,182100
2018-09-06,1536192000,58.17,58.83,58.17,58.66,153500
2018-09-07,1536278400,58.83,59.08,58.49,59.03,138600
2018-09-10,1536537600,59.26,59.65,58.78,58.84,95500
2018-09-11,1536624000,58.85,59.59,58.83,59.18,83600
2018-09-12,1536710400,59.23,59.23,57.9,58.23,91300
2018-09-13,1536796800,58.37,58.5,57.65,57.77,169900
2018-09-14,1536883200,57.76,58.16,57.5,57.6,226700
2018-09-17,1537142400,57.59,58.23,57.02,57.35,177300
2018-09-18,1537228800,57.36,58.21,56.86,56.89,178700
2018-09-19,1537315200,56.82,57.58,56.82,57.42,266000
2018-09-20,1537401600,57.69,58.8,57.69,58.66,199100
2018-09-21,1537488000,58.62,58.83,58.07,58.24,541300
2018-09-24,1537747200,58.11,58.11,57.17,57.31,126900
2018-09-25,1537833600,57.52,57.73,57.2,57.21,64300
2018-09-26,1537920000,57.49,57.49,56.26,56.29,124000
2018-09-27,1538006400,56.47,56.9,55.71,55.75,98800
2018-09-28,1538092800,55.7,55.95,55.53,55.58,178200
2018-10-01,1538352000,55.88,55.97,54.41,54.59,187300
2018-10-02,1538438400,54.72,55.88,53.98,54.53,109300
2018-10-03,1538524800,54.85,55.67,54.58,55.57,253900
2018-10-04,1538611200,55.53,56.15,55.43,55.88,113900
2018-10-05,1538697600,55.96,56.55,55.09,55.32,131700
2018-10-08,1538956800,55.35,55.71,54.87,55.37,181700
2018-10-09,1539043200,55.21,55.79,55.19,55.46,131900
2018-10-10,1539129600,55.59,55.99,54.44,54.53,156400
2018-10-11,1539216000,54.44,54.74,53.01,53.05,132300
2018-10-12,1539302400,53.73,53.73,50.43,51.81,227400
2018-10-15,1539561600,51.94,52.41,51.53,51.97,217000
2018-10-16,1539648000,53.12,53.12,51.35,52.0,152800
2018-10-17,1539734400,51.86,52.58,51.23,52.3,90500
2018-10-18,1539820800,52.24,52.56,51.14,51.26,81500
2018-10-19,1539907200,51.16,51.35,50.51,50.52,103800
2018-10-22,1540166400,50.82,51.58,49.14,49.34,140500
2018-10-23,1540252800,48.8,52.24,48.66,49.11,214200
2018-10-24,1540339200,48.97,48.97,46.87,46.9,227600
2018-10-25,1540425600,49.91,52.68,48.91,52.21,361600
2018-10-26,1540512000,53.19,53.19,50.82,51.83,149500
2018-10-29,1540771200,52.88,53.47,51.99,52.42,136500
2018-10-30,1540857600,52.18,52.95,52.01,52.84,164200
2018-10-31,1540944000,53.02,53.7,51.91,52.01,207800
2018-11-01,1541030400,52.2,53.58,52.15,53.16,234900
2018-11-02,1541116800,53.16,53.45,52.35,53.24,128300
2018-11-05,1541376000,53.37,53.97,52.96,53.85,159000
2018-11-06,1541462400,53.86,54.62,53.32,54.34,111300
2018-11-07,1541548800,54.46,55.26,53.37,55.17,156600
2018-11-08,1541635200,54.89,55.64,54.64,55.48,93700
2018-11-09,1541721600,55.22,55.72,48.19,55.57,153200
2018-11-12,1541980800,55.3,55.45,53.91,53.94,178900
2018-11-13,1542067200,54.32,55.49,53.94,54.49,226500
2018-11-14,1542153600,54.82,54.82,53.0,53.18,180000
2018-11-15,1542240000,53.06,54.76,52.51,54.62,185100
2018-11-16,1542326400,53.72,54.81,53.69,54.56,290500
2018-11-19,1542585600,54.56,55.39,53.22,54.12,154600
2018-11-20,1542672000,53.62,54.09,52.69,53.0,143900
2018-11-21,1542758400,53.19,54.06,52.88,52.88,100200
2018-11-23,1542931200,52.49,53.75,51.85,52.97,69100
2018-11-26,1543190400,53.24,54.12,53.18,53.6,135700
2018-11-27,1543276800,53.27,53.93,52.86,53.16,146400
2018-11-28,1543363200,53.23,54.01,52.61,53.54,175100
2018-11-29,1543449600,53.39,54.13,52.95,53.29,190600
2018-11-30,1543536000,53.3,54.26,53.28,53.97,180500
2018-12-03,1543795200,54.66,54.83,53.34,53.87,138000
2018-12-04,1543881600,53.76,54.05,50.69,50.86,249100
2018-12-06,1544054400,49.75,51.48,49.67,51.45,325100
2018-12-07,1544140800,51.69,52.62,51.61,52.36,376100
2018-12-10,1544400000,52.37,53.01,51.17,52.26,284500
2018-12-11,1544486400,52.96,53.31,51.68,51.7,195100
2018-12-12,1544572800,52.2,53.05,51.77,52.26,166900
2018-12-13,1544659200,52.57,52.69,50.83,51.16,196300
2018-12-14,1544745600,50.9,51.66,50.04,50.09,141500
2018-12-17,1545004800,50.1,50.81,49.36,49.52,202400
2018-12-18,1545091200,49.68,50.64,48.8,48.84,166100
2018-12-19,1545177600,48.84,49.47,46.87,46.92,219300
2018-12-20,1545264000,46.87,48.18,46.59,47.45,268700
2018-12-21,1545350400,47.8,48.6,46.66,47.08,721800
2018-12-24,1545609600,46.87,48.08,46.42,46.42,67700
2018-12-26,1545782400,46.58,48.56,45.71,48.39,139100
2018-12-27,1545868800,47.68,48.34,46.14,47.73,192400
2018-12-28,1545955200,47.74,48.88,43.63,48.25,165000
2018-12-31,1546214400,48.31,48.31,47.0,48.11,137700
2019-01-02,1546387200,47.65,49.02,46.15,48.68,137800
2019-01-03,1546473600,48.6,49.19,48.05,48.1,161000
2019-01-04,1546560000,48.74,50.02,48.19,49.24,143100
2019-01-07,1546819200,48.99,49.56,48.53,48.56,188300
2019-01-08,1546905600,48.82,48.82,47.63,48.06,230800
2019-01-09,1546992000,48.06,48.31,47.14,47.39,527400
2019-01-10,1547078400,47.25,47.98,46.7,47.9,343500
2019-01-11,1547164800,47.78,48.38,47.54,48.33,186600
2019-01-14,1547424000,48.11,49.03,47.87,48.5,157100
2019-01-15,1547510400,48.52,48.54,47.61,48.38,152800
2019-01-16,1547596800,48.64,49.6,48.43,49.54,250900
2019-01-17,1547683200,49.16,50.05,49.16,50.01,212000
2019-01-18,1547769600,50.08,51.04,49.56,50.99,333900
2019-01-22,1548115200,50.81,51.23,50.14,50.69,286700
2019-01-23,1548201600,50.97,51.81,50.65,51.37,310100
2019-01-24,1548288000,51.46,52.33,49.52,50.52,420000
2019-01-25,1548374400,50.55,50.61,48.65,48.95,269300
2019-01-28,1548633600,48.66,49.46,48.66,49.04,210200
2019-01-29,1548720000,49.15,49.95,48.82,49.55,261600
2019-01-30,1548806400,49.78,50.1,49.31,49.63,193300
2019-01-31,1548892800,49.61,49.63,48.23,49.41,274400
2019-02-01,1548979200,49.68,50.14,49.32,50.06,154800
2019-02-04,1549238400,50.29,50.58,49.86,50.58,103700
2019-02-05,1549324800,50.52,50.86,50.07,50.77,195600
2019-02-06,1549411200,50.78,51.36,50.42,51.16,139200
2019-02-07,1549497600,51.28,52.29,51.28,52.18,182000
2019-02-08,1549584000,52.07,52.48,51.42,52.33,221400
2019-02-11,1549843200,52.6,53.02,52.14,52.96,111300
2019-02-12,1549929600,53.25,53.56,52.75,53.56,203700
2019-02-13,1550016000,53.56,53.8,53.28,53.8,113300
2019-02-14,1550102400,53.49,53.82,52.88,53.31,183300
2019-02-15,1550188800,53.61,55.12,53.54,55.1,274000
2019-02-19,1550534400,54.79,56.4,54.64,56.33,205600
2019-02-20,1550620800,56.18,57.39,55.87,57.33,229900
2019-02-21,1550707200,57.42,57.52,56.57,57.43,188300
2019-02-22,1550793600,57.44,57.66,57.06,57.62,413600
2019-02-25,1551052800,57.98,58.16,57.44,57.53,286800
2019-02-26,1551139200,57.25,57.8,56.38,56.62,152100
2019-02-27,1551225600,56.61,57.26,56.38,57.02,132600
2019-02-28,1551312000,57.04,57.08,56.22,56.28,210100
2019-03-01,1551398400,56.75,56.76,55.9,56.16,210300
2019-03-04,1551657600,56.04,56.37,55.14,55.34,184000
2019-03-05,1551744000,55.19,55.19,54.42,54.7,189000
2019-03-06,1551830400,54.6,54.6,52.85,53.05,288000
2019-03-07,1551916800,52.95,52.95,51.66,51.77,173200
2019-03-08,1552003200,51.53,52.23,51.37,51.97,141700
2019-03-11,1552262400,52.08,52.61,51.44,52.55,156400
2019-03-12,1552348800,52.83,52.83,51.83,52.11,107500
2019-03-13,1552435200,52.2,52.69,51.94,52.23,191800
2019-03-14,1552521600,52.23,52.52,51.75,52.1,121100
2019-03-15,1552608000,51.94,52.62,51.94,52.25,440000
2019-03-18,1552867200,52.25,53.05,52.25,52.8,130300
2019-03-19,1552953600,53.01,53.01,50.78,50.89,153700
2019-03-20,1553040000,50.73,50.96,48.8,48.94,224400
2019-03-21,1553126400,48.61,49.11,48.3,48.56,209400
2019-03-22,1553212800,48.2,48.23,46.21,47.08,239100
2019-03-25,1553472000,47.13,47.7,46.5,47.13,135600
2019-03-26,1553558400,47.51,48.35,47.4,48.23,199800
2019-03-27,1553644800,48.28,48.9,46.71,48.67,168900
2019-03-28,1553731200,48.8,49.47,48.22,49.44,208900
2019-03-29,1553817600,49.44,49.82,48.69,49.07,230900
2019-04-01,1554076800,49.3,50.48,49.21,50.33,134200
2019-04-02,1554163200,50.21,50.44,49.77,50.2,130700
2019-04-03,1554249600,50.55,50.98,49.59,49.75,171900
2019-04-04,1554336000,49.62,50.61,49.62,50.58,130300
2019-04-05,1554422400,50.57,51.24,50.02,51.23,150800
2019-04-08,1554681600,50.96,51.28,50.72,50.82,101500
2019-04-09,1554768000,50.65,50.88,49.84,49.91,124000
2019-04-10,1554854400,49.98,50.42,49.6,50.38,117200
2019-04-11,1554940800,50.65,50.94,50.04,50.43,154400
2019-04-12,1555027200,50.92,51.76,50.62,51.54,142900
2019-04-15,1555286400,51.61,52.0,50.12,50.19,76000
2019-04-16,1555372800,50.26,51.19,49.84,51.19,125300
2019-04-17,1555459200,51.39,51.39,50.39,50.69,114700
2019-04-18,1555545600,50.59,50.65,49.61,49.86,93300
2019-04-22,1555891200,49.93,50.32,48.78,49.4,88900
2019-04-23,1555977600,49.6,50.63,49.28,50.58,79600
2019-04-24,1556064000,50.46,51.17,49.69,50.55,91800
2019-04-25,1556150400,48.32,49.72,47.09,47.25,315800
2019-04-26,1556236800,47.19,48.19,47.19,48.04,258400
2019-04-29,1556496000,48.19,49.26,48.19,49.09,314000
2019-04-30,1556582400,48.94,49.31,47.99,48.38,306500
2019-05-01,1556668800,48.35,48.81,47.72,48.35,475200
2019-05-02,1556755200,48.24,49.49,48.24,49.07,170500
2019-05-03,1556841600,49.07,50.08,49.07,50.06,147800
2019-05-06,1557100800,49.37,50.5,49.37,50.31,185900
2019-05-07,1557187200,49.91,50.4,49.29,49.56,179100
2019-05-08,1557273600,49.41,50.05,49.26,49.31,182200
2019-05-09,1557360000,48.97,50.32,48.63,49.6,146400
2019-05-10,1557446400,49.42,49.5,48.34,49.36,161100
2019-05-13,1557705600,48.64,49.03,47.76,47.94,185400
2019-05-14,1557792000,48.14,49.45,47.93,49.08,138800
2019-05-15,1557878400,48.71,48.75,47.88,48.48,142600
2019-05-16,1557964800,48.72,49.5,48.72,49.27,98000
2019-05-17,1558051200,48.84,49.72,48.57,48.68,192700
2019-05-20,1558310400,48.52,49.59,48.52,49.08,128900
2019-05-21,1558396800,49.32,49.6,49.0,49.11,212400
2019-05-22,1558483200,49.05,49.05,47.84,48.54,255200
2019-05-23,1558569600,48.13,48.13,47.11,47.5,276200
2019-05-24,1558656000,47.65,48.69,47.46,48.38,206300
2019-05-28,1559001600,48.3,48.3,47.65,47.91,211600
2019-05-29,1559088000,47.69,48.58,47.18,48.53,215600
2019-05-30,1559174400,48.65,48.88,46.73,47.06,105000
2019-05-31,1559260800,46.54,47.27,45.82,46.05,140300
2019-06-03,1559520000,46.03,46.99,45.93,46.57,285100
2019-06-04,1559606400,47.17,48.65,46.1,48.0,202200
2019-06-05,1559692800,47.88,48.25,47.01,47.42,116800
2019-06-06,1559779200,47.44,47.62,46.68,47.28,85300
2019-06-07,1559865600,47.1,47.26,46.63,46.86,141800
2019-06-10,1560124800,47.11,47.84,46.33,47.27,96800
2019-06-11,1560211200,48.69,48.69,47.43,47.54,117000
2019-06-12,1560297600,47.56,48.27,47.41,47.55,95600
2019-06-13,1560384000,47.81,48.25,47.64,47.84,117100
2019-06-14,1560470400,47.88,47.93,47.25,47.64,111900
2019-06-17,1560729600,47.6,48.02,47.29,47.39,86700
2019-06-18,1560816000,47.3,48.35,47.3,48.13,87100
2019-06-19,1560902400,48.08,48.97,47.92,48.59,140300
2019-06-20,1560988800,49.02,49.32,48.56,49.28,164800
2019-06-21,1561075200,49.32,49.42,48.88,48.89,289900
2019-06-24,1561334400,48.78,49.18,47.77,47.82,107300
2019-06-25,1561420800,47.8,48.35,46.94,48.19,102800
2019-06-26,1561507200,48.37,48.57,47.68,47.73,163500
2019-06-27,1561593600,47.76,48.67,47.71,48.67,178100
2019-06-28,1561680000,48.98,50.18,48.82,49.41,421700
2019-07-01,1561939200,49.86,49.93,49.3,49.79,105900
2019-07-02,1562025600,49.78,50.01,48.67,49.12,105000
2019-07-03,1562112000,49.23,49.96,49.23,49.93,52600
2019-07-05,1562284800,50.04,50.63,49.97,50.44,96200
2019-07-08,1562544000,50.02,50.11,49.52,49.81,118600
2019-07-09,1562630400,49.44,49.95,49.44,49.86,68800
2019-07-10,1562716800,49.86,49.87,49.04,49.09,111900
2019-07-11,1562803200,49.07,49.89,48.82,49.86,137900
2019-07-12,1562889600,49.8,50.43,49.53,50.19,89800
2019-07-15,1563148800,50.18,50.18,48.9,49.03,97300
2019-07-16,1563235200,48.99,49.64,48.76,49.2,141300
2019-07-17,1563321600,48.95,49.3,48.68,49.05,81300
2019-07-18,1563408000,48.9,49.52,48.84,49.18,108500
2019-07-19,1563494400,49.02,49.92,49.02,49.69,129100
2019-07-22,1563753600,49.54,49.64,49.0,49.34,98800
2019-07-23,1563840000,49.38,49.82,49.18,49.82,77500
2019-07-24,1563926400,49.71,51.53,49.6,51.11,166300
2019-07-25,1564012800,52.39,53.8,51.94,53.11,328800
2019-07-26,1564099200,53.39,54.43,53.24,53.65,225700
2019-07-29,1564358400,53.55,54.26,53.26,53.46,139800
2019-07-30,1564444800,53.37,54.46,53.26,54.33,146500
2019-07-31,1564531200,54.2,55.35,54.02,54.48,263800
2019-08-01,1564617600,54.26,54.76,52.45,52.59,214000
2019-08-02,1564704000,52.48,52.66,51.74,52.18,124000
2019-08-05,1564963200,51.29,52.09,49.13,50.26,230000
2019-08-06,1565049600,50.66,50.85,49.12,50.52,195900
2019-08-07,1565136000,49.69,52.4,48.64,49.63,241400
2019-08-08,1565222400,49.97,51.02,48.5,50.73,107600
2019-08-09,1565308800,50.33,50.5,48.87,50.24,118600
2019-08-12,1565568000,49.84,49.93,49.12,49.17,134900
2019-08-13,1565654400,49.1,50.76,49.02,50.26,174700
2019-08-14,1565740800,49.26,49.68,48.75,49.23,200700
2019-08-15,1565827200,49.6,49.76,49.01,49.15,181000
2019-08-16,1565913600,49.18,50.34,49.18,50.21,474800
2019-08-19,1566172800,51.0,51.3,50.16,50.89,140000
2019-08-20,1566259200,50.7,50.83,49.72,49.81,201700
2019-08-21,1566345600,50.23,50.8,49.79,50.64,113300
2019-08-22,1566432000,50.93,51.24,50.33,50.75,94300
2019-08-23,1566518400,50.44,50.98,48.5,48.73,171800
2019-08-26,1566777600,49.07,49.23,48.55,49.18,108000
2019-08-27,1566864000,49.4,49.4,47.49,47.53,133700
2019-08-28,1566950400,47.32,48.73,47.13,48.52,138200
2019-08-29,1567036800,48.84,50.71,48.84,49.39,130500
2019-08-30,1567123200,49.57,49.98,49.01,49.56,115000
2019-09-03,1567468800,49.27,49.27,48.14,48.56,180500
2019-09-04,1567555200,49.04,49.26,48.66,48.88,115300
2019-09-05,1567641600,49.46,50.68,49.46,49.78,199300
2019-09-06,1567728000,49.75,50.09,49.36,49.43,126400
2019-09-09,1567987200,49.7,52.33,49.62,51.72,292900
2019-09-10,1568073600,51.77,52.46,51.55,52.09,216300
2019-09-11,1568160000,52.17,52.89,51.53,52.54,240400
2019-09-12,1568246400,52.23,53.4,52.08,52.95,243600
2019-09-13,1568332800,53.31,53.97,53.05,53.48,194900
2019-09-16,1568592000,53.06,53.46,52.56,52.73,212000
2019-09-17,1568678400,52.47,52.72,51.96,52.49,163600
2019-09-18,1568764800,52.33,52.8,51.46,52.49,188100
2019-09-19,1568851200,52.69,53.54,52.28,52.32,175200
2019-09-20,1568937600,51.69,52.51,51.64,51.64,622600
2019-09-23,1569196800,51.42,52.51,51.34,52.24,171600
2019-09-24,1569283200,52.2,52.76,51.36,51.64,224500
2019-09-25,1569369600,51.65,52.82,51.65,52.6,142200
2019-09-26,1569456000,52.28,52.81,51.77,51.9,137700
2019-09-27,1569542400,52.19,52.76,51.4,51.92,120100
2019-09-30,1569801600,51.99,52.03,51.58,51.64,199500
2019-10-01,1569888000,51.9,52.55,50.13,50.38,156400
2019-10-02,1569974400,49.91,50.09,49.07,49.3,172700
2019-10-03,1570060800,49.31,49.36,48.15,48.84,165000
2019-10-04,1570147200,49.06,49.41,48.33,49.37,212300
2019-10-07,1570406400,49.32,49.79,49.07,49.51,168900
2019-10-08,1570492800,49.04,49.04,48.13,48.2,117100
2019-10-09,1570579200,48.64,48.72,47.99,48.41,89600
2019-10-10,1570665600,48.74,49.18,48.58,48.71,81600
2019-10-11,1570752000,49.6,50.25,48.87,49.53,97900
2019-10-14,1571011200,49.21,49.57,48.9,49.48,111300
2019-10-15,1571097600,49.8,50.82,49.41,50.58,153300
2019-10-16,1571184000,50.74,51.04,49.78,50.28,104900
2019-10-17,1571270400,50.51,50.9,50.18,50.82,105800
2019-10-18,1571356800,50.6,51.13,50.55,51.04,162800
2019-10-21,1571616000,51.61,52.17,51.25,51.51,104800
2019-10-22,1571702400,51.53,51.96,50.81,51.52,149500
2019-10-23,1571788800,51.44,52.0,51.23,52.0,127600
2019-10-24,1571875200,54.65,54.65,47.2,51.02,148700
2019-10-25,1571961600,50.83,52.15,50.83,51.82,152000
2019-10-28,1572220800,52.03,52.67,51.93,52.27,131800
2019-10-29,1572307200,52.23,52.68,52.23,52.47,110000
2019-10-30,1572393600,52.28,52.39,51.51,52.0,87600
2019-10-31,1572480000,51.6,51.68,49.65,50.01,232500
2019-11-01,1572566400,50.5,51.22,50.04,51.17,301200
2019-11-04,1572825600,51.68,52.18,51.48,52.09,152600
2019-11-05,1572912000,52.19,52.88,51.64,52.03,260600
2019-11-06,1572998400,51.79,52.13,51.45,52.06,152100
2019-11-07,1573084800,52.53,53.0,52.4,52.74,133700
2019-11-08,1573171200,52.56,53.1,52.47,52.87,100100
2019-11-11,1573430400,52.47,52.67,51.87,52.48,65200
2019-11-12,1573516800,52.46,52.84,52.17,52.33,72900
2019-11-13,1573603200,51.92,52.13,51.44,51.82,94100
2019-11-14,1573689600,51.56,51.84,51.41,51.6,90600
2019-11-15,1573776000,52.01,52.01,51.36,51.52,458100
2019-11-18,1574035200,51.29,51.29,50.63,51.08,108300
2019-11-19,1574121600,51.43,51.45,50.67,50.78,169200
2019-11-20,1574208000,50.47,50.74,49.64,49.91,170900
2019-11-21,1574294400,50.19,50.19,49.49,49.65,140400
2019-11-22,1574380800,49.9,50.05,49.56,49.64,144500
2019-11-25,1574640000,49.65,51.41,49.14,51.11,196900
2019-11-26,1574726400,50.93,51.39,50.82,50.88,146300
2019-11-27,1574812800,51.19,51.33,50.87,50.94,66900
2019-11-29,1574985600,50.73,51.04,50.53,50.61,41300
2019-12-02,1575244800,50.76,51.04,50.19,50.34,153500
2019-12-03,1575331200,50.19,50.19,49.15,49.73,133100
2019-12-04,1575417600,49.95,50.52,49.46,50.11,118500
2019-12-05,1575504000,50.29,50.52,49.91,50.15,260100
2019-12-06,1575590400,50.79,51.41,50.44,50.62,237100
2019-12-09,1575849600,50.55,50.76,50.26,50.5,295300
2019-12-10,1575936000,50.26,50.76,50.26,50.68,156800
2019-12-11,1576022400,50.79,51.0,50.39,50.91,96200
2019-12-12,1576108800,51.04,52.43,51.04,52.17,165000
2019-12-13,1576195200,51.94,52.52,51.16,51.59,151400
2019-12-16,1576454400,52.1,53.74,51.44,53.4,297200
2019-12-17,1576540800,53.43,54.82,52.92,54.49,283900
2019-12-18,1576627200,54.99,55.25,54.44,54.5,399400
2019-12-19,1576713600,54.59,54.81,54.18,54.59,422100
2019-12-20,1576800000,54.81,55.05,53.55,53.55,1101000
2019-12-23,1577059200,53.75,53.75,52.76,52.85,206900
2019-12-24,1577145600,53.02,53.02,52.58,52.78,65500
2019-12-26,1577318400,52.92,53.05,52.47,52.66,95500
2019-12-27,1577404800,52.66,52.88,52.12,52.19,104400
2019-12-30,1577664000,52.46,52.59,52.05,52.55,159200
2019-12-31,1577750400,52.44,52.8,52.3,52.42,171000
2020-01-02,1577923200,52.82,52.82,51.97,52.57,171100
2020-01-03,1578009600,52.13,52.68,51.67,52.61,219200
2020-01-06,1578268800,52.25,52.45,51.65,52.19,167800
2020-01-07,1578355200,52.2,52.22,51.57,51.79,206000
2020-01-08,1578441600,51.76,52.18,51.56,51.69,266200
2020-01-09,1578528000,52.13,52.37,51.75,52.08,220000
2020-01-10,1578614400,52.05,52.12,51.49,51.6,184100
2020-01-13,1578873600,51.52,51.79,51.17,51.73,215000
2020-01-14,1578960000,51.74,52.07,51.66,51.76,237400
2020-01-15,1579046400,51.51,51.81,51.33,51.62,289000
2020-01-16,1579132800,51.85,52.4,51.81,52.21,122800
2020-01-17,1579219200,52.41,52.44,51.98,52.15,148000
2020-01-21,1579564800,51.97,51.98,51.25,51.33,169600
2020-01-22,1579651200,51.33,51.41,51.02,51.15,233800
2020-01-23,1579737600,51.03,51.67,50.83,51.5,296800
2020-01-24,1579824000,49.77,51.18,48.02,50.25,329500
2020-01-27,1580083200,49.37,49.76,48.86,49.13,208100
2020-01-28,1580169600,49.24,49.78,49.1,49.46,193500
2020-01-29,1580256000,49.46,49.72,49.13,49.23,222000
2020-01-30,1580342400,49.0,49.45,48.6,49.41,145500
2020-01-31,1580428800,49.08,49.3,48.85,48.99,206800
2020-02-03,1580688000,49.35,50.16,49.35,50.04,251400
2020-02-04,1580774400,50.77,51.01,50.54,50.77,301700
2020-02-05,1580860800,51.46,52.34,51.39,52.25,244900
2020-02-06,1580947200,52.41,52.81,52.18,52.63,257800
2020-02-07,1581033600,52.33,52.58,51.69,51.87,317500
2020-02-10,1581292800,51.57,51.65,51.16,51.38,192000
2020-02-11,1581379200,51.49,52.1,51.48,51.57,248600
2020-02-12,1581465600,51.73,52.04,51.4,51.94,173500
2020-02-13,1581552000,51.8,52.26,51.65,52.19,88100
2020-02-14,1581638400,52.11,52.38,51.42,51.69,167200
2020-02-18,1581984000,51.6,51.77,50.57,50.61,161100
2020-02-19,1582070400,50.64,50.82,50.02,50.42,184200
2020-02-20,1582156800,50.21,51.32,50.21,51.02,155500
2020-02-21,1582243200,50.78,50.78,50.28,50.43,137700
2020-02-24,1582502400,48.91,49.63,48.75,49.3,169700
2020-02-25,1582588800,49.53,49.53,47.79,48.06,276700
2020-02-26,1582675200,48.41,48.74,47.2,47.32,219900
2020-02-27,1582761600,46.48,47.81,45.56,45.61,239400
2020-02-28,1582848000,44.57,45.21,42.75,43.37,334100
2020-03-02,1583107200,43.59,45.22,43.12,45.13,274100
2020-03-03,1583193600,45.04,45.85,43.61,44.01,346000
2020-03-04,1583280000,44.51,44.82,42.96,44.71,294000
2020-03-05,1583366400,43.35,43.58,41.76,42.49,268300
2020-03-06,1583452800,40.75,42.67,39.14,41.79,211500
2020-03-09,1583712000,38.38,38.96,35.49,35.71,228000
2020-03-10,1583798400,37.1,37.85,34.79,36.9,348000
2020-03-11,1583884800,35.67,36.6,33.41,34.01,308800
2020-03-12,1583971200,31.44,33.59,30.1,30.99,378800
2020-03-13,1584057600,33.38,34.63,31.38,33.93,338600
2020-03-16,1584316800,29.94,32.05,29.44,29.78,399800
2020-03-17,1584403200,30.29,35.39,29.01,35.21,484400
2020-03-18,1584489600,32.96,33.94,30.52,32.03,349100
2020-03-19,1584576000,31.69,33.88,28.84,32.23,380600
2020-03-20,1584662400,32.02,32.93,28.61,28.75,377800
2020-03-23,1584921600,28.78,29.35,25.77,26.04,329900
2020-03-24,1585008000,27.77,29.98,27.17,29.83,265700
2020-03-25,1585094400,30.22,31.04,28.33,29.75,339200
2020-03-26,1585180800,29.87,32.78,29.68,32.45,209800
2020-03-27,1585267200,30.85,32.58,30.29,31.56,207000
2020-03-30,1585526400,31.36,31.74,30.57,31.54,272200
2020-03-31,1585612800,31.09,31.83,30.44,31.4,232200
2020-04-01,1585699200,29.7,30.56,29.25,29.95,333600
2020-04-02,1585785600,29.62,30.82,28.92,29.83,315000
2020-04-03,1585872000,29.5,31.14,26.63,27.2,737500
2020-04-06,1586131200,28.58,32.32,28.58,32.05,392000
2020-04-07,1586217600,33.13,34.59,30.84,31.17,304900
2020-04-08,1586304000,31.66,32.52,30.91,32.07,207400
2020-04-09,1586390400,33.34,35.6,32.62,35.53,252500
2020-04-13,1586736000,35.37,35.37,32.48,32.68,198100
2020-04-14,1586822400,33.72,34.25,31.9,32.7,186100
2020-04-15,1586908800,30.84,32.72,29.9,30.56,262200
2020-04-16,1586995200,30.54,30.91,28.69,29.76,223700
2020-04-17,1587081600,31.05,32.32,30.75,32.05,169400
2020-04-20,1587340800,30.9,32.75,30.75,31.77,144700
2020-04-21,1587427200,30.75,31.5,30.28,31.22,171000
2020-04-22,1587513600,32.06,32.26,30.17,30.41,147200
2020-04-23,1587600000,30.52,31.83,30.35,31.32,169200
2020-04-24,1587686400,31.42,32.32,30.86,31.88,127200
2020-04-27,1587945600,32.18,34.83,32.18,34.28,133500
2020-04-28,1588032000,33.26,36.21,33.26,35.56,337000
2020-04-29,1588118400,37.53,39.99,36.86,39.26,342900
2020-04-30,1588204800,37.7,38.49,36.15,36.97,324500
2020-05-01,1588291200,36.11,36.15,34.72,35.75,290800
2020-05-04,1588550400,35.2,35.2,34.06,34.68,237500
2020-05-05,1588636800,35.31,35.64,33.4,33.63,145200
2020-05-06,1588723200,33.79,34.11,31.79,32.26,244900
2020-05-07,1588809600,32.91,33.61,31.54,32.51,186600
2020-05-08,1588896000,33.46,34.86,33.28,34.72,150000
2020-05-11,1589155200,33.89,34.21,32.58,33.45,261600
2020-05-12,1589241600,33.64,33.64,30.79,30.84,332200
2020-05-13,1589328000,30.33,30.41,28.02,28.61,253600
2020-05-14,1589414400,27.74,29.12,26.71,28.89,266600
2020-05-15,1589500800,28.53,29.33,28.18,29.09,555700
2020-05-18,1589760000,30.93,32.67,30.7,32.42,201000
2020-05-19,1589846400,32.11,32.37,30.56,30.57,173100
2020-05-20,1589932800,31.39,33.34,31.23,33.21,201800
2020-05-21,1590019200,33.01,33.73,32.84,32.9,130400
2020-05-22,1590105600,33.03,33.08,31.91,32.26,130100
2020-05-26,1590451200,33.94,35.18,33.4,34.87,219200
2020-05-27,1590537600,36.36,38.44,36.15,38.21,250800
2020-05-28,1590624000,38.0,38.0,36.56,36.79,356600
2020-05-29,1590710400,36.05,36.39,35.36,36.13,228100
2020-06-01,1590969600,36.39,36.85,35.66,35.99,280400
2020-06-02,1591056000,36.21,36.69,35.47,35.62,168300
2020-06-03,1591142400,36.65,38.85,36.14,37.58,247400
2020-06-04,1591228800,37.28,38.59,36.58,38.17,358700
2020-06-05,1591315200,41.63,43.14,40.61,41.64,292400
2020-06-08,1591574400,42.13,43.03,41.7,42.29,203000
2020-06-09,1591660800,40.97,42.72,40.37,41.67,260000
2020-06-10,1591747200,41.66,41.66,39.15,39.26,213400
2020-06-11,1591833600,36.86,37.02,34.85,35.0,244200
2020-06-12,1591920000,36.85,36.87,34.77,36.29,192300
2020-06-15,1592179200,34.35,37.33,34.18,36.8,221900
2020-06-16,1592265600,38.6,39.33,37.55,38.43,254300
2020-06-17,1592352000,38.64,38.64,36.78,36.78,200600
2020-06-18,1592438400,36.26,37.62,36.26,37.12,203600
2020-06-19,1592524800,36.9,38.2,35.47,36.63,1050100
2020-06-22,1592784000,36.05,36.82,35.59,36.47,180600
2020-06-23,1592870400,36.56,37.27,35.02,35.04,286300
2020-06-24,1592956800,34.09,34.97,32.6,32.98,235400
2020-06-25,1593043200,32.84,34.75,32.44,34.62,179100
2020-06-26,1593129600,33.87,33.94,32.69,33.49,414100
2020-06-29,1593388800,34.36,36.2,33.32,35.91,232600
2020-06-30,1593475200,35.59,37.09,35.39,36.56,283200
2020-07-01,1593561600,36.74,37.03,35.12,35.17,219800
2020-07-02,1593648000,36.41,36.98,34.47,34.62,137600
2020-07-06,1593993600,35.77,36.21,34.07,34.49,140300
2020-07-07,1594080000,34.07,34.12,33.52,33.68,200000
2020-07-08,1594166400,33.62,34.02,32.5,33.31,216800
2020-07-09,1594252800,33.17,33.17,31.44,31.63,135400
2020-07-10,1594339200,32.25,33.3,31.76,33.28,143300
2020-07-13,1594598400,33.7,34.64,32.9,33.84,175900
2020-07-14,1594684800,33.69,34.14,32.74,33.15,135600
2020-07-15,1594771200,34.36,35.76,33.89,35.37,202300
2020-07-16,1594857600,34.97,35.81,34.85,35.38,113900
2020-07-17,1594944000,35.33,35.54,34.04,34.07,99600
2020-07-20,1595203200,33.81,34.17,32.95,33.17,92200
2020-07-21,1595289600,33.68,35.44,33.67,35.37,128800
2020-07-22,1595376000,34.79,35.25,33.82,34.61,112500
2020-07-23,1595462400,37.91,37.91,35.34,36.12,237100
2020-07-24,1595548800,36.01,36.41,35.1,35.37,114800
2020-07-27,1595808000,35.12,35.12,34.16,34.38,140300
2020-07-28,1595894400,34.12,34.87,34.12,34.33,106800
2020-07-29,1595980800,34.33,35.18,33.98,35.12,82900
2020-07-30,1596067200,34.16,34.61,33.5,34.36,86000
2020-07-31,1596153600,34.09,34.11,33.15,34.09,174900
2020-08-03,1596412800,34.14,34.75,33.76,34.42,117400
2020-08-04,1596499200,34.27,34.46,33.65,34.18,227100
2020-08-05,1596585600,34.57,35.4,34.18,35.28,143000
2020-08-06,1596672000,34.94,35.11,34.43,34.83,81000
2020-08-07,1596758400,34.54,36.29,34.34,36.29,139700
2020-08-10,1597017600,36.67,37.73,35.78,36.77,143700
2020-08-11,1597104000,37.59,38.53,37.09,37.39,171100
2020-08-12,1597190400,38.35,38.44,36.53,37.21,135900
2020-08-13,1597276800,36.88,37.02,36.02,36.13,176600
2020-08-14,1597363200,35.87,37.03,35.44,36.64,95900
2020-08-17,1597622400,36.42,36.6,35.64,36.0,98600
2020-08-18,1597708800,36.16,36.16,34.62,34.74,112100
2020-08-19,1597795200,34.7,35.43,34.62,35.0,122500
2020-08-20,1597881600,34.48,35.05,33.98,34.13,87300
2020-08-21,1597968000,33.75,34.22,33.45,33.75,101200
2020-08-24,1598227200,34.13,35.17,33.68,35.1,100400
2020-08-25,1598313600,35.49,35.74,34.94,35.58,134700
2020-08-26,1598400000,35.46,35.57,34.74,34.82,142300
2020-08-27,1598486400,34.88,36.16,34.88,35.94,144000
2020-08-28,1598572800,36.32,36.32,35.47,35.76,159000
2020-08-31,1598832000,35.39,35.67,35.16,35.16,172600
2020-09-01,1598918400,34.86,35.51,34.6,35.32,105700
2020-09-02,1599004800,35.21,35.78,35.05,35.47,149400
2020-09-03,1599091200,35.7,36.91,34.93,35.07,153200
2020-09-04,1599177600,34.7,36.35,34.37,35.4,379200
2020-09-08,1599523200,35.04,35.21,33.38,33.74,162700
2020-09-09,1599609600,33.93,33.93,32.79,33.02,160000
2020-09-10,1599696000,32.97,33.21,32.55,32.62,134000
2020-09-11,1599782400,32.82,32.91,32.12,32.66,149300
2020-09-14,1600041600,32.78,33.48,32.53,33.11,127100
2020-09-15,1600128000,33.15,33.21,32.2,32.56,119900
2020-09-16,1600214400,32.6,33.59,32.27,32.83,217900
2020-09-17,1600300800,32.23,32.67,32.18,32.27,138300
2020-09-18,1600387200,32.53,32.94,31.77,32.87,669400
2020-09-21,1600646400,31.92,32.77,30.39,30.81,266200
2020-09-22,1600732800,30.97,31.34,30.22,30.71,247800
2020-09-23,1600819200,30.75,32.49,29.76,29.76,247700
2020-09-24,1600905600,29.37,31.23,29.25,30.34,243600
2020-09-25,1600992000,30.07,30.71,30.07,30.54,119900
2020-09-28,1601251200,31.15,32.03,31.15,31.75,143900
2020-09-29,1601337600,31.59,31.66,30.84,31.47,93700
2020-09-30,1601424000,31.72,32.05,31.16,31.4,156700
2020-10-01,1601510400,31.29,32.49,30.68,31.56,137100
2020-10-02,1601596800,30.89,32.74,30.65,32.47,159300
2020-10-05,1601856000,33.02,34.01,32.6,33.94,152600
2020-10-06,1601942400,34.48,35.49,34.15,34.36,325300
2020-10-07,1602028800,34.85,35.66,34.57,35.16,242100
2020-10-08,1602115200,35.43,35.78,33.09,35.67,194200
2020-10-09,1602201600,35.53,35.96,34.84,34.87,125600
2020-10-12,1602460800,34.87,36.0,34.69,35.97,139900
2020-10-13,1602547200,34.72,35.6,34.45,34.58,125800
2020-10-14,1602633600,34.79,35.41,34.11,34.11,101600
2020-10-15,1602720000,33.43,34.95,32.79,34.84,113400
2020-10-16,1602806400,34.92,35.06,33.95,34.97,104100
2020-10-19,1603065600,35.38,35.75,34.94,35.17,167600
2020-10-20,1603152000,35.58,36.4,35.53,35.93,136300
2020-10-21,1603238400,36.9,36.9,35.75,36.64,163700
2020-10-22,1603324800,36.99,38.44,36.1,37.85,173900
2020-10-23,1603411200,38.54,39.22,37.75,38.04,195700
2020-10-26,1603670400,37.74,38.14,37.15,38.08,130800
2020-10-27,1603756800,37.97,37.97,36.52,36.58,135300
2020-10-28,1603843200,35.73,36.21,34.95,35.0,149400
2020-10-29,1603929600,34.84,35.88,33.97,35.6,251100
2020-10-30,1604016000,35.57,36.29,33.52,35.89,181600
2020-11-02,1604275200,36.62,37.5,36.3,37.14,113000
2020-11-03,1604361600,38.05,38.84,37.77,38.49,145800
2020-11-04,1604448000,37.56,38.06,35.39,35.41,148700
2020-11-05,1604534400,35.4,36.78,35.3,36.42,110300
2020-11-06,1604620800,37.0,37.0,35.36,35.58,116200
2020-11-09,1604880000,38.88,43.02,37.93,42.03,294200
2020-11-10,1604966400,42.45,45.54,41.75,45.28,367500
2020-11-11,1605052800,45.27,45.27,42.79,43.34,290200
2020-11-12,1605139200,42.45,44.07,41.45,42.12,259600
2020-11-13,1605225600,42.67,43.46,42.18,42.64,163400
2020-11-16,1605484800,44.38,45.45,43.74,45.36,192000
2020-11-17,1605571200,44.53,45.22,44.02,44.75,241600
2020-11-18,1605657600,45.32,45.37,43.31,43.32,187500
2020-11-19,1605744000,43.45,43.45,42.4,43.23,95800
2020-11-20,1605830400,42.37,42.87,42.19,42.48,156200
2020-11-23,1606089600,43.24,43.67,42.54,42.91,172500
2020-11-24,1606176000,44.02,45.63,43.63,45.0,234800
2020-11-25,1606262400,44.44,44.9,43.64,44.3,132400
2020-11-27,1606435200,44.2,44.72,42.65,43.19,47100
2020-11-30,1606694400,42.94,43.31,40.47,40.68,192600
2020-12-01,1606780800,41.73,42.84,41.73,42.13,173900
2020-12-02,1606867200,41.86,42.72,41.86,42.43,139000
2020-12-03,1606953600,44.51,45.69,43.13,43.88,227500
2020-12-04,1607040000,44.2,45.72,44.16,45.05,164500
2020-12-07,1607299200,44.59,45.29,44.19,44.95,131300
2020-12-08,1607385600,44.53,45.28,44.41,44.79,107400
2020-12-09,1607472000,45.39,45.89,44.37,44.64,117000
2020-12-10,1607558400,44.13,45.07,43.9,44.97,127100
2020-12-11,1607644800,44.32,45.15,43.96,44.02,187100
2020-12-14,1607904000,44.85,45.09,44.04,44.76,168500
2020-12-15,1607990400,45.16,45.84,44.51,45.42,151800
2020-12-16,1608076800,45.71,45.71,45.0,45.16,137600
2020-12-17,1608163200,45.32,45.32,44.3,44.75,148100
2020-12-18,1608249600,44.59,45.22,42.92,43.39,488000
2020-12-21,1608508800,43.33,44.06,42.1,44.01,272900
2020-12-22,1608595200,44.21,44.21,43.38,43.46,190300
2020-12-23,1608681600,43.62,44.77,43.62,44.66,152700
2020-12-24,1608768000,44.97,45.01,44.21,44.91,60600
2020-12-28,1609113600,45.34,45.91,44.93,45.53,198500
2020-12-29,1609200000,45.52,45.68,44.29,44.56,112000
2020-12-30,1609286400,44.63,45.55,44.63,45.32,107900
2020-12-31,1609372800,45.49,46.08,45.21,45.86,132700
